<?xml version="1.0"?>
<!DOCTYPE database SYSTEM "file:///System/Library/DTDs/CoreData.dtd">

<database>
    <databaseInfo>
        <version>134481920</version>
        <UUID>DD812440-3743-4A88-9DE2-3AB1F459CD96</UUID>
        <nextObjectID>135</nextObjectID>
        <metadata>
            <plist version="1.0">
                <dict>
                    <key>NSPersistenceFrameworkVersion</key>
                    <integer>186</integer>
                    <key>NSStoreModelVersionHashes</key>
                    <dict>
                        <key>Operations</key>
                        <data>
		RNxVPRoBj1xMcAiL7BgqaJn6BzbulxmafoGO1GQXD5s=
		</data>
                        <key>Parameters</key>
                        <data>
		2OBcdQNYrTN85ceTTa3tHMZxCS/vHhbTiG4b3JSe1l8=
		</data>
                        <key>SegmentedObjects</key>
                        <data>
		eFC1pkohKzJyKBJjeqWg45EVMQdElQKZee2EIdQMQlY=
		</data>
                    </dict>
                    <key>NSStoreModelVersionHashesVersion</key>
                    <integer>3</integer>
                    <key>NSStoreModelVersionIdentifiers</key>
                    <array></array>
                </dict>
            </plist>
        </metadata>
    </databaseInfo>
    <object type="OPERATIONS" id="z102">
        <attribute name="operationname" type="string">RegionGrowing</attribute>
        <attribute name="instruction" type="string">Instruction For Users</attribute>
        <attribute name="ifsupportseedsplanting" type="bool">1</attribute>
        <attribute name="ifsupportmemorysharing" type="bool">0</attribute>
        <attribute name="ifshowmeviswindow" type="bool">0</attribute>
        <attribute name="ifoperateslicebyslice" type="bool">0</attribute>
        <attribute name="commandlinestr" type="string">/Applications/MeVisLab.app/Contents/MacOS/MeVisLab -quick -nowelcome
Applications/MeVisLab.app/Contents/MacOS/MeVisLab -quick -nowelcome -singleinstance </attribute>
        <relationship name="objectslist" type="0/0" destination="SEGMENTEDOBJECTS" idrefs="z103"></relationship>
        <relationship name="parameters" type="0/0" destination="PARAMETERS" idrefs="z104"></relationship>
    </object>
    <object type="SEGMENTEDOBJECTS" id="z103">
        <attribute name="updateinrealtime" type="bool">1</attribute>
        <attribute name="toolstomark" type="string">Point</attribute>
        <attribute name="objectname" type="string">Object1</attribute>
        <attribute name="objectcolor" type="string">Blue</attribute>
        <relationship name="operation" type="1/1" destination="OPERATIONS" idrefs="z102"></relationship>
    </object>
    <object type="PARAMETERS" id="z104">
        <attribute name="updateinrealtime" type="bool">1</attribute>
        <attribute name="type" type="string">float</attribute>
        <attribute name="paraname" type="string">Interval</attribute>
        <attribute name="minvalue" type="double">0</attribute>
        <attribute name="maxvalue" type="double">10</attribute>
        <attribute name="defaultvalue" type="double">3</attribute>
        <relationship name="operation" type="1/1" destination="OPERATIONS" idrefs="z102"></relationship>
    </object>
    <object type="OPERATIONS" id="z105">
        <attribute name="operationname" type="string">Threshold</attribute>
        <attribute name="instruction" type="string">Instruction For Users</attribute>
        <attribute name="ifsupportseedsplanting" type="bool">0</attribute>
        <attribute name="ifsupportmemorysharing" type="bool">0</attribute>
        <attribute name="ifshowmeviswindow" type="bool">0</attribute>
        <attribute name="ifoperateslicebyslice" type="bool">0</attribute>
        <attribute name="commandlinestr" type="string">/Applications/MeVisLab.app/Contents/MacOS/MeVisLab -quick -nowelcome
Applications/MeVisLab.app/Contents/MacOS/MeVisLab -quick -nowelcome -singleinstance </attribute>
        <relationship name="objectslist" type="0/0" destination="SEGMENTEDOBJECTS"></relationship>
        <relationship name="parameters" type="0/0" destination="PARAMETERS" idrefs="z106"></relationship>
    </object>
    <object type="PARAMETERS" id="z106">
        <attribute name="updateinrealtime" type="bool">1</attribute>
        <attribute name="type" type="string">float</attribute>
        <attribute name="paraname" type="string">ThresholdValue</attribute>
        <attribute name="minvalue" type="double">-1000</attribute>
        <attribute name="maxvalue" type="double">1000</attribute>
        <attribute name="defaultvalue" type="double">0</attribute>
        <relationship name="operation" type="1/1" destination="OPERATIONS" idrefs="z105"></relationship>
    </object>
    <object type="PARAMETERS" id="z107">
        <attribute name="updateinrealtime" type="bool">0</attribute>
        <attribute name="type" type="string">float</attribute>
        <attribute name="paraname" type="string">TimeStep</attribute>
        <attribute name="minvalue" type="double">0</attribute>
        <attribute name="maxvalue" type="double">0.1</attribute>
        <attribute name="defaultvalue" type="double">0.06</attribute>
        <relationship name="operation" type="1/1" destination="OPERATIONS" idrefs="z108"></relationship>
    </object>
    <object type="OPERATIONS" id="z108">
        <attribute name="operationname" type="string">Anisotropic</attribute>
        <attribute name="instruction" type="string">Instruction For Users</attribute>
        <attribute name="ifsupportseedsplanting" type="bool">0</attribute>
        <attribute name="ifsupportmemorysharing" type="bool">0</attribute>
        <attribute name="ifshowmeviswindow" type="bool">0</attribute>
        <attribute name="ifoperateslicebyslice" type="bool">0</attribute>
        <attribute name="commandlinestr" type="string">/Applications/MeVisLab.app/Contents/MacOS/MeVisLab -quick -nowelcome
Applications/MeVisLab.app/Contents/MacOS/MeVisLab -quick -nowelcome -singleinstance </attribute>
        <relationship name="objectslist" type="0/0" destination="SEGMENTEDOBJECTS"></relationship>
        <relationship name="parameters" type="0/0" destination="PARAMETERS" idrefs="z109 z107"></relationship>
    </object>
    <object type="PARAMETERS" id="z109">
        <attribute name="updateinrealtime" type="bool">0</attribute>
        <attribute name="type" type="string">int</attribute>
        <attribute name="paraname" type="string">Iterations</attribute>
        <attribute name="minvalue" type="double">0</attribute>
        <attribute name="maxvalue" type="double">20</attribute>
        <attribute name="defaultvalue" type="double">5</attribute>
        <relationship name="operation" type="1/1" destination="OPERATIONS" idrefs="z108"></relationship>
    </object>
    <object type="OPERATIONS" id="z110">
        <attribute name="operationname" type="string">Levelset</attribute>
        <attribute name="instruction" type="string">Instruction For Users</attribute>
        <attribute name="ifsupportseedsplanting" type="bool">1</attribute>
        <attribute name="ifsupportmemorysharing" type="bool">0</attribute>
        <attribute name="ifshowmeviswindow" type="bool">0</attribute>
        <attribute name="ifoperateslicebyslice" type="bool">0</attribute>
        <attribute name="commandlinestr" type="string">/Applications/MeVisLab.app/Contents/MacOS/MeVisLab -quick -nowelcome
Applications/MeVisLab.app/Contents/MacOS/MeVisLab -quick -nowelcome -singleinstance </attribute>
        <relationship name="objectslist" type="0/0" destination="SEGMENTEDOBJECTS" idrefs="z111"></relationship>
        <relationship name="parameters" type="0/0" destination="PARAMETERS" idrefs="z113 z112 z114"></relationship>
    </object>
    <object type="SEGMENTEDOBJECTS" id="z111">
        <attribute name="updateinrealtime" type="bool">1</attribute>
        <attribute name="toolstomark" type="string">Point</attribute>
        <attribute name="objectname" type="string">AortaSeed</attribute>
        <attribute name="objectcolor" type="string">Blue</attribute>
        <relationship name="operation" type="1/1" destination="OPERATIONS" idrefs="z110"></relationship>
    </object>
    <object type="PARAMETERS" id="z112">
        <attribute name="updateinrealtime" type="bool">0</attribute>
        <attribute name="type" type="string">float</attribute>
        <attribute name="paraname" type="string">CurvatureScaling</attribute>
        <attribute name="minvalue" type="double">0</attribute>
        <attribute name="maxvalue" type="double">1</attribute>
        <attribute name="defaultvalue" type="double">1.5</attribute>
        <relationship name="operation" type="1/1" destination="OPERATIONS" idrefs="z110"></relationship>
    </object>
    <object type="PARAMETERS" id="z113">
        <attribute name="updateinrealtime" type="bool">0</attribute>
        <attribute name="type" type="string">float</attribute>
        <attribute name="paraname" type="string">GradientThreshold</attribute>
        <attribute name="minvalue" type="double">0</attribute>
        <attribute name="maxvalue" type="double">100</attribute>
        <attribute name="defaultvalue" type="double">60</attribute>
        <relationship name="operation" type="1/1" destination="OPERATIONS" idrefs="z110"></relationship>
    </object>
    <object type="PARAMETERS" id="z114">
        <attribute name="updateinrealtime" type="bool">0</attribute>
        <attribute name="type" type="string">float</attribute>
        <attribute name="paraname" type="string">PropagateScaling</attribute>
        <attribute name="minvalue" type="double">0</attribute>
        <attribute name="maxvalue" type="double">1</attribute>
        <attribute name="defaultvalue" type="double">1</attribute>
        <relationship name="operation" type="1/1" destination="OPERATIONS" idrefs="z110"></relationship>
    </object>
    <object type="PARAMETERS" id="z115">
        <attribute name="updateinrealtime" type="bool">1</attribute>
        <attribute name="type" type="string">float</attribute>
        <attribute name="paraname" type="string">Sigma</attribute>
        <attribute name="minvalue" type="double">0</attribute>
        <attribute name="maxvalue" type="double">50</attribute>
        <attribute name="defaultvalue" type="double">2</attribute>
        <relationship name="operation" type="1/1" destination="OPERATIONS" idrefs="z116"></relationship>
    </object>
    <object type="OPERATIONS" id="z116">
        <attribute name="operationname" type="string">GaussSmoothing</attribute>
        <attribute name="instruction" type="string">Instruction For Users</attribute>
        <attribute name="ifsupportseedsplanting" type="bool">0</attribute>
        <attribute name="ifsupportmemorysharing" type="bool">1</attribute>
        <attribute name="ifshowmeviswindow" type="bool">0</attribute>
        <attribute name="ifoperateslicebyslice" type="bool">0</attribute>
        <attribute name="commandlinestr" type="string">/Applications/MeVisLab.app/Contents/MacOS/MeVisLab -quick -nowelcome
Applications/MeVisLab.app/Contents/MacOS/MeVisLab -quick -nowelcome -singleinstance </attribute>
        <relationship name="objectslist" type="0/0" destination="SEGMENTEDOBJECTS"></relationship>
        <relationship name="parameters" type="0/0" destination="PARAMETERS" idrefs="z115"></relationship>
    </object>
    <object type="PARAMETERS" id="z117">
        <attribute name="updateinrealtime" type="bool">1</attribute>
        <attribute name="type" type="string">int</attribute>
        <attribute name="paraname" type="string">KernelY</attribute>
        <attribute name="minvalue" type="double">1</attribute>
        <attribute name="maxvalue" type="double">10</attribute>
        <attribute name="defaultvalue" type="double">3</attribute>
        <relationship name="operation" type="1/1" destination="OPERATIONS" idrefs="z118"></relationship>
    </object>
    <object type="OPERATIONS" id="z118">
        <attribute name="operationname" type="string">Morphology</attribute>
        <attribute name="instruction" type="string">Instruction For Users</attribute>
        <attribute name="ifsupportseedsplanting" type="bool">0</attribute>
        <attribute name="ifsupportmemorysharing" type="bool">1</attribute>
        <attribute name="ifshowmeviswindow" type="bool">0</attribute>
        <attribute name="ifoperateslicebyslice" type="bool">0</attribute>
        <attribute name="commandlinestr" type="string">/Applications/MeVisLab.app/Contents/MacOS/MeVisLab -quick -nowelcome
Applications/MeVisLab.app/Contents/MacOS/MeVisLab -quick -nowelcome -singleinstance </attribute>
        <relationship name="objectslist" type="0/0" destination="SEGMENTEDOBJECTS"></relationship>
        <relationship name="parameters" type="0/0" destination="PARAMETERS" idrefs="z119 z117 z120"></relationship>
    </object>
    <object type="PARAMETERS" id="z119">
        <attribute name="updateinrealtime" type="bool">1</attribute>
        <attribute name="type" type="string">int</attribute>
        <attribute name="paraname" type="string">KernelX</attribute>
        <attribute name="minvalue" type="double">1</attribute>
        <attribute name="maxvalue" type="double">10</attribute>
        <attribute name="defaultvalue" type="double">3</attribute>
        <relationship name="operation" type="1/1" destination="OPERATIONS" idrefs="z118"></relationship>
    </object>
    <object type="PARAMETERS" id="z120">
        <attribute name="updateinrealtime" type="bool">1</attribute>
        <attribute name="type" type="string">int</attribute>
        <attribute name="paraname" type="string">KernelZ</attribute>
        <attribute name="minvalue" type="double">1</attribute>
        <attribute name="maxvalue" type="double">10</attribute>
        <attribute name="defaultvalue" type="double">1</attribute>
        <relationship name="operation" type="1/1" destination="OPERATIONS" idrefs="z118"></relationship>
    </object>
    <object type="OPERATIONS" id="z121">
        <attribute name="operationname" type="string">FuzzyCluster</attribute>
        <attribute name="instruction" type="string">Instruction For Users</attribute>
        <attribute name="ifsupportseedsplanting" type="bool">0</attribute>
        <attribute name="ifsupportmemorysharing" type="bool">1</attribute>
        <attribute name="ifshowmeviswindow" type="bool">0</attribute>
        <attribute name="ifoperateslicebyslice" type="bool">0</attribute>
        <attribute name="commandlinestr" type="string">/Applications/MeVisLab.app/Contents/MacOS/MeVisLab -quick -nowelcome
Applications/MeVisLab.app/Contents/MacOS/MeVisLab -quick -nowelcome -singleinstance </attribute>
        <relationship name="objectslist" type="0/0" destination="SEGMENTEDOBJECTS"></relationship>
        <relationship name="parameters" type="0/0" destination="PARAMETERS" idrefs="z122"></relationship>
    </object>
    <object type="PARAMETERS" id="z122">
        <attribute name="updateinrealtime" type="bool">1</attribute>
        <attribute name="type" type="string">int</attribute>
        <attribute name="paraname" type="string">NumberOfCluster</attribute>
        <attribute name="minvalue" type="double">0</attribute>
        <attribute name="maxvalue" type="double">10</attribute>
        <attribute name="defaultvalue" type="double">3</attribute>
        <relationship name="operation" type="1/1" destination="OPERATIONS" idrefs="z121"></relationship>
    </object>
    <object type="OPERATIONS" id="z123">
        <attribute name="operationname" type="string">Histogram</attribute>
        <attribute name="instruction" type="string">Instruction For Users</attribute>
        <attribute name="ifsupportseedsplanting" type="bool">1</attribute>
        <attribute name="ifsupportmemorysharing" type="bool">1</attribute>
        <attribute name="ifshowmeviswindow" type="bool">0</attribute>
        <attribute name="ifoperateslicebyslice" type="bool">0</attribute>
        <attribute name="commandlinestr" type="string">/Applications/MeVisLab.app/Contents/MacOS/MeVisLab -quick -nowelcome
Applications/MeVisLab.app/Contents/MacOS/MeVisLab -quick -nowelcome -singleinstance </attribute>
        <relationship name="objectslist" type="0/0" destination="SEGMENTEDOBJECTS" idrefs="z124"></relationship>
        <relationship name="parameters" type="0/0" destination="PARAMETERS"></relationship>
    </object>
    <object type="SEGMENTEDOBJECTS" id="z124">
        <attribute name="updateinrealtime" type="bool">0</attribute>
        <attribute name="toolstomark" type="string">Rectangle</attribute>
        <attribute name="objectname" type="string">ROI</attribute>
        <attribute name="objectcolor" type="string">Blue</attribute>
        <relationship name="operation" type="1/1" destination="OPERATIONS" idrefs="z123"></relationship>
    </object>
    <object type="PARAMETERS" id="z125">
        <attribute name="updateinrealtime" type="bool">1</attribute>
        <attribute name="type" type="string">float</attribute>
        <attribute name="paraname" type="string">WC</attribute>
        <attribute name="minvalue" type="double">0</attribute>
        <attribute name="maxvalue" type="double">1</attribute>
        <attribute name="defaultvalue" type="double">0.5</attribute>
        <relationship name="operation" type="1/1" destination="OPERATIONS" idrefs="z126"></relationship>
    </object>
    <object type="OPERATIONS" id="z126">
        <attribute name="operationname" type="string">VR</attribute>
        <attribute name="instruction" type="string">Instruction For Users</attribute>
        <attribute name="ifsupportseedsplanting" type="bool">0</attribute>
        <attribute name="ifsupportmemorysharing" type="bool">1</attribute>
        <attribute name="ifshowmeviswindow" type="bool">0</attribute>
        <attribute name="ifoperateslicebyslice" type="bool">0</attribute>
        <attribute name="commandlinestr" type="string">/Applications/MeVisLab.app/Contents/MacOS/MeVisLab -quick -nowelcome
Applications/MeVisLab.app/Contents/MacOS/MeVisLab -quick -nowelcome -singleinstance </attribute>
        <relationship name="objectslist" type="0/0" destination="SEGMENTEDOBJECTS"></relationship>
        <relationship name="parameters" type="0/0" destination="PARAMETERS" idrefs="z125 z127 z128 z129"></relationship>
    </object>
    <object type="PARAMETERS" id="z127">
        <attribute name="updateinrealtime" type="bool">1</attribute>
        <attribute name="type" type="string">float</attribute>
        <attribute name="paraname" type="string">RotateX</attribute>
        <attribute name="minvalue" type="double">0</attribute>
        <attribute name="maxvalue" type="double">6.28</attribute>
        <attribute name="defaultvalue" type="double">0</attribute>
        <relationship name="operation" type="1/1" destination="OPERATIONS" idrefs="z126"></relationship>
    </object>
    <object type="PARAMETERS" id="z128">
        <attribute name="updateinrealtime" type="bool">1</attribute>
        <attribute name="type" type="string">float</attribute>
        <attribute name="paraname" type="string">RotateY</attribute>
        <attribute name="minvalue" type="double">0</attribute>
        <attribute name="maxvalue" type="double">6.28</attribute>
        <attribute name="defaultvalue" type="double">0</attribute>
        <relationship name="operation" type="1/1" destination="OPERATIONS" idrefs="z126"></relationship>
    </object>
    <object type="PARAMETERS" id="z129">
        <attribute name="updateinrealtime" type="bool">1</attribute>
        <attribute name="type" type="string">float</attribute>
        <attribute name="paraname" type="string">WW</attribute>
        <attribute name="minvalue" type="double">0</attribute>
        <attribute name="maxvalue" type="double">1</attribute>
        <attribute name="defaultvalue" type="double">0.5</attribute>
        <relationship name="operation" type="1/1" destination="OPERATIONS" idrefs="z126"></relationship>
    </object>
    <object type="OPERATIONS" id="z130">
        <attribute name="operationname" type="string">SurfaceRender</attribute>
        <attribute name="instruction" type="string">Instruction For Users</attribute>
        <attribute name="ifsupportseedsplanting" type="bool">0</attribute>
        <attribute name="ifsupportmemorysharing" type="bool">0</attribute>
        <attribute name="ifshowmeviswindow" type="bool">0</attribute>
        <attribute name="ifoperateslicebyslice" type="bool">0</attribute>
        <attribute name="commandlinestr" type="string">/Applications/MeVisLab.app/Contents/MacOS/MeVisLab -quick -nowelcome
Applications/MeVisLab.app/Contents/MacOS/MeVisLab -quick -nowelcome -singleinstance </attribute>
        <relationship name="objectslist" type="0/0" destination="SEGMENTEDOBJECTS"></relationship>
        <relationship name="parameters" type="0/0" destination="PARAMETERS" idrefs="z134 z131 z135"></relationship>
    </object>
    <object type="PARAMETERS" id="z131">
        <attribute name="updateinrealtime" type="bool">1</attribute>
        <attribute name="type" type="string">float</attribute>
        <attribute name="paraname" type="string">Threshold</attribute>
        <attribute name="minvalue" type="double">0</attribute>
        <attribute name="maxvalue" type="double">1000</attribute>
        <attribute name="defaultvalue" type="double">200</attribute>
        <relationship name="operation" type="1/1" destination="OPERATIONS" idrefs="z130"></relationship>
    </object>
    <object type="OPERATIONS" id="z132">
        <attribute name="operationname" type="string">DynaCurve</attribute>
        <attribute name="instruction" type="string">Instruction For Users</attribute>
        <attribute name="ifsupportseedsplanting" type="bool">1</attribute>
        <attribute name="ifsupportmemorysharing" type="bool">1</attribute>
        <attribute name="ifshowmeviswindow" type="bool">0</attribute>
        <attribute name="ifoperateslicebyslice" type="bool">0</attribute>
        <attribute name="commandlinestr" type="string">/Applications/MeVisLab.app/Contents/MacOS/MeVisLab -quick -nowelcome
Applications/MeVisLab.app/Contents/MacOS/MeVisLab -quick -nowelcome -singleinstance </attribute>
        <relationship name="objectslist" type="0/0" destination="SEGMENTEDOBJECTS" idrefs="z133"></relationship>
        <relationship name="parameters" type="0/0" destination="PARAMETERS"></relationship>
    </object>
    <object type="SEGMENTEDOBJECTS" id="z133">
        <attribute name="updateinrealtime" type="bool">1</attribute>
        <attribute name="toolstomark" type="string">Point</attribute>
        <attribute name="objectname" type="string">ROI</attribute>
        <attribute name="objectcolor" type="string">Blue</attribute>
        <relationship name="operation" type="1/1" destination="OPERATIONS" idrefs="z132"></relationship>
    </object>
    <object type="PARAMETERS" id="z134">
        <attribute name="updateinrealtime" type="bool">1</attribute>
        <attribute name="type" type="string">float</attribute>
        <attribute name="paraname" type="string">RotateX</attribute>
        <attribute name="minvalue" type="double">0</attribute>
        <attribute name="maxvalue" type="double">6.28</attribute>
        <attribute name="defaultvalue" type="double">0</attribute>
        <relationship name="operation" type="1/1" destination="OPERATIONS" idrefs="z130"></relationship>
    </object>
    <object type="PARAMETERS" id="z135">
        <attribute name="updateinrealtime" type="bool">1</attribute>
        <attribute name="type" type="string">float</attribute>
        <attribute name="paraname" type="string">RotateY</attribute>
        <attribute name="minvalue" type="double">0</attribute>
        <attribute name="maxvalue" type="double">6.28</attribute>
        <attribute name="defaultvalue" type="double">0</attribute>
        <relationship name="operation" type="1/1" destination="OPERATIONS" idrefs="z130"></relationship>
    </object>
</database>